InvoiceNo,StockCode,Description,Quantity,InvoiceDate,UnitPrice,CustomerID,Country
539490,22720,SET OF 3 CAKE TINS PANTRY DESIGN ,6,12/20/2010 10:00,4.95,17069,United Kingdom
539490,22721,SET OF 3 CAKE TINS SKETCHBOOK,3,12/20/2010 10:00,4.95,17069,United Kingdom
539490,22722,SET OF 6 SPICE TINS PANTRY DESIGN,8,12/20/2010 10:00,3.95,17069,United Kingdom
539490,22723,SET OF 6 HERB TINS SKETCHBOOK,4,12/20/2010 10:00,3.95,17069,United Kingdom
539490,22961,JAM MAKING SET PRINTED,12,12/20/2010 10:00,1.45,17069,United Kingdom
539490,22178,VICTORIAN GLASS HANGING T-LIGHT,12,12/20/2010 10:00,1.25,17069,United Kingdom
539490,84997A,GREEN 3 PIECE POLKADOT CUTLERY SET,6,12/20/2010 10:00,3.75,17069,United Kingdom
